Time,Marcador 1/0/X,Marcador 1/0/Y,Marcador 2/0/X,Marcador 2/0/Y,Marcador 3/0/X,Marcador 3/0/Y,Marcador 4/0/X,Marcador 4/0/Y
0,"0,02697692","0,2247398","0,06129552","-0,03054926","0,1599618","-0,2682229","-0,142596","-0,6383852"
"0,033","0,02807765","0,2249574","0,06018725","-0,03187311","0,1599618","-0,2682229","-0,1426253","-0,6387521"
"0,067","0,03029419","0,2249574","0,0604029","-0,03165755","0,1599618","-0,2682229","-0,1437043","-0,6372769"
"0,1","0,03251073","0,2249574","0,05643121","-0,03033364","0,1610701","-0,2671146","-0,1437043","-0,6350604"
"0,133","0,03583554","0,2249574","0,05467613","-0,03187311","0,1632866","-0,2637898","-0,1414877","-0,6306273"
"0,167","0,03805208","0,2249574","0,05292106","-0,0314419","0,1677197","-0,260465","-0,1392712","-0,6250859"
"0,2","0,04026862","0,2260656","0,05116598","-0,02990234","0,1710445","-0,2549237","-0,1370546","-0,6184363"
"0,233","0,04136001","0,2264463","0,04919519","-0,03011799","0,1754776","-0,2493823","-0,1337298","-0,6117867"
"0,267","0,04283207","0,2249574","0,04457676","-0,02811709","0,1799107","-0,243841","-0,130405","-0,6018123"
"0,3","0,04355968","0,2234684","0,04260604","-0,02743998","0,1843438","-0,2371913","-0,1281885","-0,5929461"
"0,334","0,04503173","0,2257018","0,03820319","-0,02697864","0,1912424","-0,2263927","-0,1248637","-0,5818635"
"0,367","0,04799276","0,2264463","0,03533981","-0,02408499","0,1973167","-0,2183084","-0,1204306","-0,5707808"
"0,4","0,04797588","0,2275546","0,03269205","-0,02273083","0,2003378","-0,2085083","-0,1171058","-0,5585898"
"0,434","0,05093687","0,2275546","0,02967353","-0,01924279","0,2065907","-0,1977657","-0,1126727","-0,5452905"
"0,467","0,05240896","0,2275546","0,0261633","-0,01656479","0,2118487","-0,1860281","-0,1093479","-0,530883"
"0,5","0,05388105","0,2290435","0,02530085","-0,01277852","0,2153753","-0,17402","-0,1049148","-0,5164755"
"0,534","0,05573377","0,2286628","0,02031975","-0,006671131","0,2200966","-0,1619864","-0,10159","-0,502068"
"0,567","0,05609756","0,2297711","0,01768092","-0,003623128","0,2242415","-0,1485297","-0,0971569","-0,4876605"
"0,6","0,05720583","0,2294073","0,01367013","-2,15E-05","0,2275663","-0,1352305","-0,09272382","-0,4721447"
"0,634","0,05756962","0,2297711","0,01034532","0,003303289","0,2319994","-0,1219313","-0,08829074","-0,4566289"
"0,667","0,05867792","0,2297711","0,008128782","0,006628126","0,2364325","-0,1064155","-0,08496593","-0,4400048"
"0,7","0,05755277","0,2308794","0,005912241","0,009952933","0,2382684","-0,09089968","-0,08053285","-0,424489"
"0,734","0,05902483","0,23126","0,00480397","0,01327774","0,2393597","-0,0753839","-0,07609976","-0,407865"
"0,767","0,0601331","0,2305156","0,00258743","0,01660255","0,2415763","-0,0598681","-0,07277495","-0,3923492"
"0,801","0,06087758","0,2312601","0,0003708891","0,01881908","0,2434121","-0,04509681","-0,06945014","-0,3779417"
"0,834","0,06049689","0,23126","-0,001845652","0,0221439","0,2433952","-0,0314337","-0,0672336","-0,3624259"
"0,867","0,05975244","0,2312601","-0,002953922","0,02436043","0,2437422","-0,01777074","-0,06390879","-0,3469101"
"0,901","0,05975244","0,2305156","-0,004062193","0,02657698","0,2441059","-0,003363222","-0,06169225","-0,3325026"
"0,934","0,05900795","0,2305156","-0,002953922","0,02879351","0,2440892","0,01029986","-0,0561509","-0,3169868"
"0,967","0,05862726","0,2312601","-0,002953922","0,02990179","0,2455611","0,02470738","-0,05393436","-0,3025793"
"1,001","0,05750214","0,2316407","-0,001845652","0,02990179","0,247397","0,03577317","-0,05060955","-0,2881718"
"1,034","0,06158828","0,2301518","0,0003708891","0,03101006","0,2492329","0,04720283","-0,04950128","-0,2748725"
"1,067","0,06307725","0,2305156","0,00258743","0,03101006","0,2495799","0,05977443","-0,04506819","-0,2626816"
"1,101","0,06344104","0,2305156","0,005912241","0,03101006","0,2521601","0,06936823","-0,04395992","-0,2504906"
"1,134","0,06529379","0,2305156","0,009237052","0,03101006","0,2543766","0,07787061","-0,03841857","-0,2405162"
"1,167","0,06640203","0,232749","0,01145359","0,02990179","0,2547237","0,08266747","-0,03620203","-0,2349748"
"1,201","0,06640203","0,2334935","0,01367013","0,03101006","0,2562126","0,08488402","-0,03398549","-0,23165"
"1,234","0,06825478","0,2308963","0,0147784","0,03101006","0,2565763","0,08488402","-0,03066068","-0,2327583"
"1,268","0,06899927","0,2308963","0,01367013","0,02990179","0,2562125","0,08230361","-0,03066068","-0,2394079"
"1,301","0,06825481","0,2282991","0,01256186","0,02768525","0,2562126","0,07267612","-0,02955241","-0,2482741"
"1,334","0,0686186","0,2286797","0,01367013","0,02768525","0,2580653","0,06455445","-0,02955241","-0,2593568"
"1,368","0,06936305","0,2279353","0,01256186","0,02768525","0,2565933","0,05347182","-0,02955241","-0,2715477"
"1,401","0,06936305","0,226827","0,01145359","0,02546871","0,2573377","0,04128078","-0,03066068","-0,284847"
"1,434","0,06936305","0,2275715","0,01034532","0,02436043","0,2573377","0,02872601","-0,03287722","-0,2992545"
"1,468","0,06936305","0,2260825","0,01034532","0,0221439","0,2569739","0,01580739","-0,03398549","-0,3147703"
"1,501","0,06972684","0,2249742","0,01034532","0,02103563","0,2569739","0,001036167","-0,03509376","-0,3302861"
"1,534","0,07047135","0,2242298","0,01145359","0,01771082","0,2577353","-0,01486039","-0,03620203","-0,3469101"
"1,568","0,07157959","0,223866","0,01145359","0,01549427","0,2570077","-0,02814266","-0,0373103","-0,3624259"
"1,601","0,07157963","0,223866","0,01367013","0,01327774","0,2566439","-0,04329473","-0,03952684","-0,37905"
"1,634","0,07119893","0,2227577","0,01588667","0,01106119","0,2547912","-0,05695775","-0,04063511","-0,395674"
"1,668","0,07268786","0,2220132","0,01921148","0,007736385","0,256297","-0,07247353","-0,04174338","-0,4111898"
"1,701","0,07343235","0,2216494","0,0225363","0,004411578","0,2552056","-0,08724478","-0,04285165","-0,4278139"
"1,735","0,0752851","0,2190522","0,02696938","-2,15E-05","0,2563307","-0,1027606","-0,04285165","-0,4466544"
"1,768","0,07751852","0,2190522","0,03029419","-0,002238065","0,2548586","-0,1167875","-0,04617646","-0,4599537"
"1,801","0,07602955","0,2194329","0,033619","-0,006671131","0,2548755","-0,128234","-0,04728473","-0,4754695"
"1,835","0,07602955","0,2186884","0,03694381","-0,008887678","0,2515506","-0,141897","-0,04950128","-0,489877"
"1,868","0,07564889","0,2175801","0,04026862","-0,01332074","0,2519313","-0,1548324","-0,05060955","-0,5042845"
"1,901","0,07862679","0,2175802","0,0447017","-0,01664558","0,2497317","-0,1673703","-0,05282609","-0,518692"
"1,935","0,07862675","0,2164719","0,05024305","-0,01997039","0,2486234","-0,1795613","-0,05393436","-0,5319912"
"1,968","0,08011572","0,2157274","0,0557844","-0,02329519","0,2475152","-0,1895357","-0,0561509","-0,5441822"
"2,001","0,08196848","0,2146191","0,06021749","-0,02662","0,2452986","-0,2006184","-0,05836744","-0,5563732"
"2,035","0,08420189","0,2138747","0,06686711","-0,02883655","0,2441904","-0,2094846","-0,06058398","-0,5674559"
"2,068","0,08307675","0,2138747","0,07019192","-0,03105307","0,2419738","-0,219459","-0,06280052","-0,5774304"
"2,101","0,08605465","0,2120219","0,07794981","-0,0343779","0,2419738","-0,2272169","-0,06390879","-0,5874048"
"2,135","0,0867991","0,2116581","0,0823829","-0,03770271","0,2408656","-0,2349748","-0,06501706","-0,5973792"
"2,168","0,08903252","0,2116581","0,08681598","-0,03991926","0,238649","-0,2416244","-0,06612533","-0,6073536"
"2,202","0,08903252","0,2116581","0,09014079","-0,04102752","0,2375407","-0,2471658","-0,0672336","-0,6151115"
"2,235","0,08903252","0,2116581","0,09457387","-0,04324406","0,2353242","-0,2538154","-0,06945014","-0,6228694"
"2,268","0,08903252","0,2105499","0,09789868","-0,04767713","0,2331077","-0,2593568","-0,07166668","-0,6306273"
"2,302","0,09014079","0,2094416","0,1023318","-0,04878542","0,2319994","-0,2648981","-0,07277495","-0,6383852"
"2,335","0,09014079","0,2094416","0,1078731","-0,05100194","0,2297828","-0,2704394","-0,07499149","-0,6450348"
"2,368","0,09014079","0,2094416","0,1123062","-0,05321848","0,2286746","-0,2748725","-0,07609976","-0,6516845"
"2,402","0,09014079","0,2083333","0,1145227","-0,05432674","0,2275663","-0,2781973","-0,07720803","-0,6572258"
"2,435","0,09014079","0,2083333","0,1145227","-0,05543503","0,2253498","-0,2804139","-0,0783163","-0,6605507"
"2,468","0,09014079","0,207225","0,1123062","-0,05543503","0,2242415","-0,2804139","-0,07942457","-0,6605507"
"2,502","0,09014079","0,207225","0,1100897","-0,05432674","0,2231332","-0,2793056","-0,07942457","-0,6572258"
"2,535","0,08903252","0,207225","0,1067648","-0,05321848","0,2242415","-0,2759808","-0,08053285","-0,6527928"
"2,568","0,08903252","0,207225","0,1023318","-0,05211022","0,2253498","-0,272656","-0,08053285","-0,6472514"
"2,602","0,08903252","0,2061168","0,09789868","-0,05100194","0,226458","-0,2671146","-0,07942457","-0,6394935"
"2,635","0,08903252","0,2061168","0,09235733","-0,04989368","0,2275663","-0,2615733","-0,0783163","-0,6306273"
"2,669","0,08903252","0,2061168","0,08459944","-0,04989368","0,2308911","-0,2538154","-0,07720803","-0,6206529"
"2,702","0,08903252","0,2061168","0,07905808","-0,04878542","0,2342159","-0,2471658","-0,07499149","-0,6095702"
"2,735","0,08903252","0,2061168","0,07351673","-0,04656887","0,2364325","-0,2382996","-0,07388322","-0,5973792"
"2,769","0,08903252","0,2050085","0,06686711","-0,04546058","0,2397573","-0,2283252","-0,07166668","-0,5829717"
"2,802","0,08792424","0,2083333","0,06021749","-0,04213578","0,2430821","-0,2172425","-0,06834187","-0,5685642"
"2,835","0,08420189","0,2060999","0,05356786","-0,03991926","0,2464069","-0,2050515","-0,06501706","-0,5530484"
"2,869","0,08160466","0,2060999","0,04691824","-0,03659442","0,2486234","-0,190644","-0,06280052","-0,5364243"
"2,902","0,08011572","0,2060999","0,04248516","-0,03326961","0,2519483","-0,1751282","-0,05836744","-0,518692"
"2,935","0,0778823","0,2053554","0,03694381","-0,02994481","0,2563813","-0,1596124","-0,0561509","-0,5009597"
"2,969","0,0778823","0,2053554","0,033619","-0,02662","0,2597061","-0,1440966","-0,05282609","-0,4821191"
"3,002","0,07564889","0,2057361","0,02918592","-0,02329519","0,2641392","-0,1274726","-0,04950128","-0,4632785"
"3,035","0,07751852","0,2064637","0,02696938","-0,01997039","0,2663389","-0,1138433","-0,04617646","-0,4444379"
"3,069","0,07751852","0,2064637","0,02364457","-0,01664558","0,2674472","-0,09832755","-0,04395992","-0,4267056"
"3,102","0,0752851","0,2072081","0,02142803","-0,01442903","0,269283","-0,08170348","-0,04063511","-0,407865"
"3,136","0,0752851","0,2083333","0,01699494","-0,01110423","0,2696468","-0,06656832","-0,03952684","-0,3901327"
"3,169","0,0741768","0,2064637","0,01256186","-0,008887678","0,2688855","-0,05179703","-0,03841857","-0,3724003"
"3,202","0,07194338","0,2064637","0,008128782","-0,006671131","0,2670158","-0,03702572","-0,0373103","-0,354668"
"3,236","0,07157959","0,207572","0,0036957","-0,004454583","0,264038","-0,02189064","-0,03620203","-0,3391522"
"3,269","0,06860173","0,2064637","0,001479159","-0,003346324","0,2621683","-0,009716511","-0,03509376","-0,3236365"
"3,302","0,0682379","0,2068275","0,0003708891","-0,001129776","0,2599349","0,002821326","-0,03509376","-0,3103372"
"3,336","0,06898239","0,2057192","0,0003708891","-0,001129776","0,2584459","0,01390405","-0,03509376","-0,297038"
"3,369","0,06823794","0,2072082","-0,0007373813","-2,15E-05","0,2577015","0,02349785","-0,03509376","-0,2859553"
"3,402","0,06936305","0,2057192","0,001479159","0,001086771","0,2577015","0,03421676","-0,03509376","-0,2759808"
"3,436","0,06861857","0,2072082","0,001479159","0,003303289","0,2577015","0,04197466","-0,03509376","-0,2682229"
"3,469","0,0675103","0,2064637","-0,0007373813","0,001086771","0,2543598","0,04417428","-0,03509376","-0,2626816"
"3,502","0,06676584","0,2064637","-0,002953922","0,00219503","0,2513819","0,0478798","-0,03509376","-0,260465"
"3,536","0,06602136","0,2060999","-0,002953922","0,00219503","0,2517626","0,04528256","-0,03509376","-0,2615733"
"3,569","0,0660214","0,2060999","-0,004062193","0,00219503","0,2525071","0,04344672","-0,03620203","-0,2671146"
"3,603","0,06527688","0,2049917","-0,004062193","0,001086771","0,2532685","0,03754157","-0,0373103","-0,2748725"
"3,636","0,06714651","0,204611","-0,005170463","0,001086771","0,2529046","0,02720329","-0,03841857","-0,2859553"
"3,669","0,06714651","0,2035027","-0,005170463","-2,15E-05","0,252177","0,01835404","-0,04063511","-0,2981462"
"3,703","0,06603824","0,2038833","-0,006278733","-0,001129776","0,2518132","0,005799264","-0,04174338","-0,3114455"
"3,736","0,06529376","0,2012862","-0,006278733","-0,004454583","0,2518302","-0,007119268","-0,04395992","-0,3269613"
"3,769","0,06492997","0,2012862","-0,006278733","-0,005562872","0,251847","-0,02114615","-0,04617646","-0,3413688"
"3,803","0,06456618","0,2012862","-0,004062193","-0,00777939","0,2500111","-0,03555366","-0,04839301","-0,3568845"
"3,836","0,0638217","0,1994334","-0,005170463","-0,009995937","0,248539","-0,04919985","-0,04950128","-0,3735086"
"3,869","0,06271343","0,1986889","-0,002953922","-0,01221249","0,2485559","-0,06286281","-0,05282609","-0,3901327"
"3,903","0,06271347","0,1986889","-0,0007373813","-0,01442903","0,2467369","-0,07429254","-0,05504263","-0,4067567"
"3,936","0,06345791","0,1990696","0,00258743","-0,01775384","0,2486065","-0,09055275","-0,05725917","-0,4222725"
"3,969","0,06383861","0,1983251","0,005912241","-0,02107865","0,2471345","-0,1060686","-0,05836744","-0,4388965"
"4,003","0,06383861","0,1964724","0,008128782","-0,02551174","0,2441735","-0,1189871","-0,06058398","-0,4555206"
"4,036","0,06124137","0,1949834","0,01034532","-0,02883655","0,2427014","-0,1333777","-0,06280052","-0,4721447"
"4,07","0,06198586","0,1946197","0,01367013","-0,03216136","0,2419738","-0,1463132","-0,06501706","-0,4865522"
"4,103","0,06236652","0,1938752","0,01588667","-0,03548616","0,238649","-0,1596124","-0,0672336","-0,5009597"
"4,136","0,06236652","0,1931307","0,02031975","-0,03770271","0,2353242","-0,1718034","-0,06834187","-0,5142589"
"4,17","0,06274718","0,1927669","0,0225363","-0,04213578","0,2331077","-0,1839944","-0,07166668","-0,5286664"
"4,203","0,06163891","0,1927669","0,02696938","-0,04546058","0,2308911","-0,1961854","-0,07388322","-0,5408574"
"4,236","0,06461681","0,1909141","0,03140246","-0,04767713","0,2297828","-0,2072681","-0,07609976","-0,5530484"
"4,27","0,06089446","0,1916586","0,03583554","-0,05100194","0,2275663","-0,2161342","-0,07720803","-0,5652394"
"4,303","0,06276406","0,1916587","0,04137689","-0,05321848","0,226458","-0,2250004","-0,07942457","-0,5752138"
"4,336","0,06350854","0,1912948","0,04580997","-0,05543503","0,2253498","-0,2338665","-0,08053285","-0,5851883"
"4,37","0,06314476","0,1912948","0,05024305","-0,05765158","0,2231332","-0,2405162","-0,08274939","-0,5951627"
"4,403","0,06388921","0,1901866","0,05356786","-0,0598681","0,222025","-0,2482741","-0,08385766","-0,6051371"
"4,436","0,06314476","0,1901866","0,0557844","-0,06208465","0,2198084","-0,2538154","-0,08496593","-0,6151115"
"4,47","0,06054752","0,1872087","0,05800095","-0,06319293","0,2175919","-0,2593568","-0,0860742","-0,6228694"
"4,503","0,061292","0,1894421","0,06243403","-0,06430119","0,2153753","-0,2648981","-0,08718247","-0,6306273"
"4,537","0,06241715","0,1868449","0,06686711","-0,06540945","0,2142671","-0,2693312","-0,08829074","-0,6372769"
"4,57","0,06241715","0,1890783","0,07019192","-0,06651774","0,2120505","-0,272656","-0,09050728","-0,6450348"
"4,603","0,06130888","0,1883338","0,07351673","-0,067626","0,2087257","-0,2770891","-0,09161555","-0,6516845"
"4,637","0,06205336","0,1902034","0,07684154","-0,06873426","0,2065092","-0,2804139","-0,09272382","-0,6583341"
"4,67","0,06168954","0,1909479","0,07794981","-0,06873426","0,2042926","-0,2837387","-0,09383209","-0,6649837"
"4,703","0,06168954","0,1909479","0,07905808","-0,06873426","0,2009678","-0,2859553","-0,09494036","-0,6705251"
"4,737","0,06207021","0,1872256","0,08016635","-0,07095081","0,1987513","-0,2892801","-0,09494036","-0,6760664"
"4,77","0,06355917","0,1861172","0,0823829","-0,07095081","0,1965347","-0,2914966","-0,09604863","-0,6804995"
"4,803","0,06319539","0,1864811","0,0857077","-0,07095081","0,1943182","-0,2914966","-0,0971569","-0,6838243"
"4,837","0,0624509","0,1868618","0,08681598","-0,07205909","0,1932099","-0,2926049","-0,09604863","-0,6860408"
"4,87","0,06134263","0,1861173","0,08792424","-0,07316735","0,1943182","-0,2914966","-0,0971569","-0,6860408"